<?xml version="1.0" encoding="UTF-8"?>
<project-private xmlns="http://www.netbeans.org/ns/project-private/1">
    <editor-bookmarks xmlns="http://www.netbeans.org/ns/editor-bookmarks/2" lastBookmarkId="0"/>
    <open-files xmlns="http://www.netbeans.org/ns/projectui-open-files/2">
        <group>
            <file>file:/C:/Users/Serognas_PC/OneDrive/Documents/NetBeansProjects/Aquascan/src/aquascan/Aquascan.java</file>
            <file>file:/C:/Users/Serognas_PC/OneDrive/Documents/NetBeansProjects/Aquascan/src/Login/window.java</file>
            <file>file:/C:/Users/Serognas_PC/OneDrive/Documents/NetBeansProjects/Aquascan/src/jpop/Jpopf.java</file>
            <file>file:/C:/Users/Serognas_PC/OneDrive/Documents/NetBeansProjects/Aquascan/src/jpop/Jwater.java</file>
            <file>file:/C:/Users/Serognas_PC/OneDrive/Documents/NetBeansProjects/Aquascan/src/Signup/Sign.java</file>
            <file>file:/C:/Users/Serognas_PC/OneDrive/Documents/NetBeansProjects/Aquascan/src/ForgotPassword/f2.java</file>
        </group>
    </open-files>
</project-private>
